Name,Card Number,Expiry Date,CVV,Card Type
Jenna Vasquez,4854190746657,Apr-31,010,VISA 13 digit
Laura Brown,213114489147829,Mar-31,671,VISA 13 digit
Antonio Ramos,2714065869706719,Oct-26,742,American Express
Andrew Mitchell,2240336755344789,Feb-25,8480,Diners Club / Carte Blanche
Charlotte Singh,6533979345655953,Sep-27,375,Mastercard
Victoria Vega,30301122701358,Jul-27,046,Discover
Stacey Cummings,676187651309,May-30,198,American Express
Patrick Gonzalez,3568090912545240,Oct-24,387,JCB 15 digit
Virginia Richards,180088980036757,Aug-30,043,VISA 16 digit
Bryan Richardson,375200180763453,Jun-32,815,VISA 13 digit
Stephanie Green,3567947577306617,Nov-26,234,JCB 16 digit
Vanessa Lyons,3505879491733961,Apr-26,235,Mastercard
Karina Harris,4101311655428807207,Sep-25,018,VISA 13 digit
Karen Navarro,213120954237268,Mar-29,901,Diners Club / Carte Blanche
Anna Sanders,2236076194576759,Mar-26,125,JCB 16 digit
Mark Bright,4721172743931030344,Sep-34,144,VISA 16 digit
Matthew Gomez,3578946798502761,Dec-31,350,Maestro
Ariel Gomez,4991604626269411,Jun-31,592,VISA 19 digit
Karen Mitchell,3548561178814863,May-31,337,Mastercard
Tammy Cruz,3514815222135786,Feb-28,322,Maestro
Gina Sparks MD,4575439243707822,May-27,630,JCB 16 digit
Lisa Sanchez,4391569425902,Aug-32,3115,JCB 15 digit
Joanne Webster,3536921881444727,Jun-27,8054,VISA 19 digit
Noah Gross,2256454198785582,Jun-28,912,VISA 16 digit
Mrs. Sharon Robinson,347015941570533,Mar-28,281,VISA 16 digit
Beth King,060452213055,Jan-33,750,Diners Club / Carte Blanche
Gregory Thomas,180023509373811,May-30,619,Maestro
Lisa Wolf,639024131232,Mar-29,463,Diners Club / Carte Blanche
Steven Carpenter,30409808535766,Jun-31,7709,VISA 19 digit
Ronnie Smith,180083949968091,Dec-26,249,JCB 16 digit
Jared Hill,4100708134469336,Aug-29,128,VISA 13 digit
David Higgins DDS,36843571782789,Jan-31,396,VISA 13 digit
Jeremy Day,376230344052468,Dec-24,597,Diners Club / Carte Blanche
Joseph Bryant,6592598456354319,Dec-25,600,Diners Club / Carte Blanche
Matthew Best,5460779517102787,Jul-29,840,American Express
Kayla Dominguez,2276572126001685,Oct-30,101,Discover
Keith Copeland,060468198654,Jul-27,500,JCB 15 digit
Carolyn Caldwell,3537410141304334,Nov-33,084,VISA 16 digit
Jennifer Lucero,630400912576,Dec-28,154,Diners Club / Carte Blanche
Todd Stanton,4482310801800618,Aug-26,572,American Express
Miranda Johnson,676381357067,Oct-25,909,Diners Club / Carte Blanche
Laura Elliott,4819945191829901,Mar-29,244,VISA 16 digit
Shane Turner,4314118300757054,Jan-28,848,Mastercard
Tiffany Cisneros,4581808719582430496,Mar-32,766,Discover
Matthew Stevens,3502275010885346,Jul-26,081,Discover
James Wilkins,4783011536484456,Feb-26,104,Mastercard
Richard Johnson,4067923791248623,Aug-31,401,JCB 15 digit
Stephanie Macdonald,4226831707275,Feb-28,366,VISA 16 digit
Cindy Watkins,3520011929540146,Oct-25,778,VISA 16 digit
Daniel West,2382708512078215,Mar-25,660,Maestro
Stephanie Hughes,4801205515280111,Nov-29,628,VISA 16 digit
Jessica Clark,6553698935061720,May-30,883,American Express
Lori Willis,4609302502644128005,Jan-28,215,Mastercard
Edward Ewing,4187181402588333211,Sep-31,967,JCB 16 digit
Brenda Thompson,4534112865244172,Jan-26,153,JCB 16 digit
Roger Phillips,4032823086011349258,Feb-26,383,VISA 19 digit
Lydia Brown,3505428278774887,Aug-31,044,JCB 15 digit
Mark Clark,5187013025864734,Aug-30,666,VISA 16 digit
Larry Wilkinson,6563261516376708,Mar-27,161,JCB 16 digit
Jeffery Schultz,4909041361906,Nov-29,014,Discover
Beth Barton,30167659430749,Feb-32,165,JCB 15 digit
Andrea Simmons,3593151517865778,May-32,120,VISA 13 digit
Andrew Jones,4883171957587663,Mar-32,210,VISA 13 digit
Patricia Good,4301144177234733,May-31,812,VISA 19 digit
Daniel Leonard,4216031860776,Jan-30,977,VISA 19 digit
Timothy Gonzales,342100932706661,Apr-26,182,Discover
Robert Mitchell,3525250995164739,Aug-32,826,American Express
Mary Lawrence,503870978775,Feb-25,348,VISA 13 digit
Heather Hunt,676290968376,Nov-33,405,JCB 16 digit
Hannah Patrick,30232714199901,Sep-31,180,American Express
Brian Patel,6517778887875577,Sep-25,417,Diners Club / Carte Blanche
Elizabeth Lin,576663203817,Nov-29,628,Maestro
Megan French,503896685248,Nov-32,846,VISA 19 digit
Veronica Lee,2289261394760751,May-28,321,VISA 16 digit
Mrs. Kathleen Grant,4462921213425,Jul-27,7441,Mastercard
Andrew Mcdaniel,30219728039553,Dec-30,247,JCB 16 digit
Derrick Jones,6576606837395925,Mar-32,712,VISA 13 digit
Lawrence Espinoza,38945228521813,Aug-29,331,JCB 16 digit
Roger Green,30368949392299,Jun-25,324,JCB 16 digit
Gregory Bowen,4633412781443191003,Mar-25,192,American Express
Victoria Wallace,2274232607851569,Apr-34,027,American Express
Kelsey Flores,676241517256,May-27,024,Discover
James Williams,180091068029611,May-25,142,Maestro
Theresa Mullen,3577120771795146,Dec-32,014,Maestro
Jose Watson,6500742205039257,Jun-26,791,VISA 16 digit
Maria Barry,6519978707537617,Feb-31,433,Discover
Katherine Munoz,4263908608180582663,Jul-31,8577,VISA 16 digit
John White,4587440065438971,Jan-32,433,Discover
Sheri Green,3597793752441462,Mar-31,076,VISA 13 digit
Amber Farrell,4975574260181679387,Jul-34,027,Discover
Janice Coleman,180090675872371,May-33,625,JCB 16 digit
Michael Willis,4547230612943,Apr-33,139,JCB 16 digit
Carrie Smith,5194318234757236,Dec-28,899,Discover
Carlos Sanchez,3577870757384824,Jan-28,641,VISA 13 digit
Daniel Johnson,2289663492837748,Oct-26,866,Mastercard
Richard Hall,38707953138316,Nov-33,344,JCB 16 digit
Whitney Bartlett,6011077991298953,Dec-28,269,Discover
Jonathan Hamilton,4982468371839708,Mar-26,312,Diners Club / Carte Blanche
Brent Thompson,3503983521968423,Aug-34,645,JCB 15 digit
Jill Perez,6011132886324156,Jun-34,098,VISA 19 digit
Alfred Moore,3540169753289275,Dec-26,0950,Maestro
Lauren Morgan,3520332712931247,Jun-33,7504,JCB 15 digit
Nicole Cole,2299650828680924,May-31,986,Diners Club / Carte Blanche
Andrew Jordan,4540956774033932,Feb-30,364,JCB 16 digit
Brian Velasquez,2252425562928085,Apr-25,697,Mastercard
Randall Flores,573040024529,Jan-30,999,Discover
Gina Hendrix,4265572560844847,Sep-33,737,JCB 16 digit
Brittney Nixon,379527803152219,May-34,037,VISA 19 digit
Rachel Grant,3530147584640900,Nov-32,614,Maestro
Nicole Joseph,180080409044942,Apr-34,571,Maestro
Stuart Chen,3542705418343748,Oct-27,263,Mastercard
Wesley Conrad III,38444796983621,Aug-27,243,VISA 13 digit
Emily Cunningham,30305531945993,Dec-29,081,JCB 16 digit
Ronald Sparks,372748908780855,Oct-24,311,American Express
Hailey Wilson,3507108467270735,Jan-30,001,VISA 16 digit
Thomas Cordova,676323852514,Jul-30,200,VISA 16 digit
Kevin Thomas,3542831846312632,May-31,098,VISA 13 digit
Shannon Alvarado,4801807535694351,May-30,627,American Express
Tina Rice,4168845267303988,Jun-29,271,Discover
Bryan Wilson,4000942103149984253,Oct-26,500,VISA 13 digit
Charles Collier,675917425182,Nov-27,819,Diners Club / Carte Blanche
Amy Lawrence,4591640096031596,Jul-29,830,JCB 15 digit
Julie Lloyd,213128155432869,Apr-26,366,VISA 19 digit
Carol Hill,578044574288,Oct-26,486,Discover
Lisa Ryan,6011984516646675,Mar-25,886,American Express
Amanda Diaz,6011544777523292,Oct-24,133,American Express
Patrick Gibbs,5482492471531694,Mar-31,395,VISA 13 digit
Keith Richard,6011211944657557,Nov-29,643,Discover
Samantha Ramsey,4168415197781768,May-27,578,VISA 13 digit
Richard Camacho,3550834484461314,Nov-28,945,VISA 16 digit
Natasha Simmons,3586219055818340,Jul-26,339,American Express
Austin Gordon,2243137058545388,May-30,101,VISA 16 digit
Cheryl Murray,5574720185833785,Jul-28,252,JCB 15 digit
Mark Fuentes,4582387104733,Dec-26,100,VISA 16 digit
Laura Powell,4116582083612753535,Jan-28,823,Mastercard
Lisa Gordon,376508819812783,Sep-34,309,VISA 19 digit
Andrea Zavala,3528817362870572,May-30,9105,VISA 13 digit
Robert Cummings,3548232439294903,Jun-28,061,Maestro
Chad Wagner,4761884664262,May-30,025,JCB 16 digit
Samantha Phillips,4610132601962009,Nov-26,459,JCB 16 digit
Erin Mcgee,343433515957990,Apr-32,329,JCB 16 digit
Jennifer Andrews,180091682301586,Sep-26,201,JCB 15 digit
Amanda Kennedy,4669385546562993811,Oct-32,891,JCB 15 digit
Nina Gonzalez,213135746980249,Dec-30,940,Maestro
Amy Richardson,4067278641762301,Jan-26,986,VISA 13 digit
Jeffrey Brown,38212662796736,Jun-31,754,VISA 16 digit
Angela Johnson,375071859559492,Jan-26,423,VISA 13 digit
Sean Johnson,375307296306026,Mar-30,266,Mastercard
Aaron Phillips,2716432912707540,Aug-29,486,Mastercard
Rebecca Cuevas,30457001075676,Nov-28,331,Maestro
Brad Li DDS,6011744134849824,Dec-32,955,Mastercard
Michaela Yu,5344842844546084,May-31,777,JCB 15 digit
Tina Hughes,38915241833008,May-30,139,JCB 15 digit
Edwin Garner,3559381044051947,Sep-30,847,Mastercard
Lisa Smith DDS,2711601563839803,Jul-28,601,VISA 19 digit
Benjamin Kim,3547213220070364,Aug-27,810,Maestro
Amy Hernandez,4600475196390635238,Nov-30,588,American Express
Ronald Nichols,4746069024042323,Oct-26,382,JCB 15 digit
Kathryn Rivers,4800392358171333,Mar-34,222,VISA 16 digit
Scott Weiss,346332518447313,Nov-29,368,VISA 16 digit
Michelle Ortiz,3514332165889254,Sep-31,886,VISA 16 digit
Colin Luna,180036705588727,Jan-25,131,Discover
Linda Scott,377902207733314,Oct-33,540,JCB 15 digit
Melinda Malone,2676603589668417,Jul-31,712,VISA 19 digit
Mary Pierce,30288025365664,Jan-25,474,Maestro
Sandra Walters,3591051807572203,Sep-34,143,Mastercard
Adrian Silva,4821198362983051682,Apr-29,034,VISA 16 digit
Heidi Arnold,376512688310275,Nov-27,111,VISA 13 digit
Jared Brooks,3562763784858901,Mar-25,519,JCB 15 digit
Richard Patterson,4520559764526032,Aug-34,411,VISA 16 digit
Garrett Jones,4085279634917702,Nov-27,903,JCB 16 digit
Kaitlin Whitney,342838865434211,Sep-26,190,American Express
Thomas Smith,213135282224424,May-28,6361,JCB 16 digit
Billy Archer PhD,4941028350738170180,Apr-30,260,VISA 16 digit
Samuel Perkins,4228339365440387,Mar-28,034,Diners Club / Carte Blanche
Dakota Lane,676332053716,Mar-28,629,Mastercard
Angela Hickman,2453271834083078,Nov-31,520,American Express
Heather James,3531391821067035,Jun-29,411,American Express
Misty Hood,2435547735089733,Jan-25,876,JCB 16 digit
Heather Grimes,3572748874889757,May-25,448,Mastercard
Thomas Parrish,4827440877428731,Mar-32,933,Mastercard
James Hall,180080384672147,Sep-31,324,Maestro
Nathan Ball,6507997411474515,Jul-25,232,Mastercard
John Mack,4897020270963496211,May-32,573,VISA 16 digit
Mark Tapia,30517601511709,Feb-34,997,VISA 16 digit
Glenn Hill,6011063536539085,Aug-26,869,Maestro
Alexander Tucker,4799534078274045,Jun-33,636,Diners Club / Carte Blanche
Doris Jones,3502000928947230,Jan-31,7236,Diners Club / Carte Blanche
Mary Harris,3527368975555854,Mar-27,920,Mastercard
Jeffrey Gomez,4102201882230,Oct-28,764,VISA 16 digit
Katie Simmons,4611946407794740245,Feb-27,856,Discover
Melanie Fowler,6011834361889088,Oct-29,928,JCB 15 digit
Matthew Lee,4463182270301854,May-28,5705,JCB 16 digit
Jeremy Berry,4103467666936157,Dec-33,6610,Discover
Teresa Marsh,373936507465650,Dec-30,729,JCB 15 digit
Carlos Owen,30157107206635,Jun-34,572,VISA 13 digit
Barbara Robinson,4392710550169140,Jun-28,7681,VISA 16 digit
Tara Burton,213141028652852,Sep-32,875,VISA 16 digit
Kevin Perkins,5492772023750217,Oct-27,484,VISA 16 digit
Melissa Villa,4751933515086,Aug-28,856,JCB 16 digit
Jonathan Curry,3510307926243045,Jul-34,152,Diners Club / Carte Blanche
Sean Kaufman,4420102714504,Sep-33,603,VISA 16 digit
Dave Lopez,6584038549499854,Sep-26,139,VISA 16 digit
James Jackson,341442248045264,Dec-33,720,Maestro
Joseph Fleming,345416803188343,Mar-28,4893,VISA 19 digit
Wendy Brown,4376624561614194,Nov-33,442,VISA 19 digit
Lisa Reeves,180094859008166,Dec-27,396,VISA 16 digit
Marcus Brennan,4179083235919,Mar-33,539,JCB 15 digit
Katherine Hubbard,4396711405973526,Jul-34,952,JCB 15 digit
Connor Fletcher,6515450342272046,Nov-29,096,American Express
John Donovan DDS,4685893539118325,Apr-29,799,Discover
Jessica Tate,4577286367076,Aug-28,287,VISA 16 digit
Kelly Chang,676337003880,Jul-30,555,American Express
Michael Williams,4484124211577304161,Feb-29,1578,JCB 16 digit
Christian Stokes,4073359581880129480,Nov-28,509,Diners Club / Carte Blanche
Samantha Pollard,344377172350107,Jan-28,575,VISA 16 digit
Nicole Hughes,4566017231979008,Oct-27,408,JCB 15 digit
Robert Murphy,213163362790205,Oct-25,815,Discover
Katherine Barnes,501859300326,Feb-28,876,American Express
Marc Raymond,3518145213678628,Jun-25,275,VISA 19 digit
John Harrison,374288029149324,Apr-27,228,JCB 15 digit
Robin Reyes,4173623039831458480,Feb-30,289,American Express
Lauren Faulkner,4200957578019953,Apr-27,382,VISA 19 digit
Dorothy Hunter,3506583828489987,Aug-32,312,JCB 15 digit
Sabrina Perry,3503568665189280,May-30,810,JCB 15 digit
Elijah Riggs,2285613702558109,Jun-31,667,VISA 16 digit
Rebecca Harmon,30361112947809,May-29,215,Mastercard
Jason Mccann,3561030112935103,Jul-31,882,American Express
Justin Valdez,4543479029570753,Oct-25,023,Diners Club / Carte Blanche
Dennis Sanchez,4839439378032,Jul-26,505,Discover
Chad Lowery,30420137101600,Mar-26,282,JCB 16 digit
Courtney David,675908783300,Dec-26,524,Maestro
Phillip Johnson,30276444841696,Jun-25,610,VISA 16 digit
Jacqueline Villegas,4859081935985451,May-25,6525,VISA 13 digit
Chris Zhang,343623219534570,Apr-33,005,American Express
Henry Hunter,372002646491924,Aug-26,478,VISA 16 digit
Hailey Smith,4967244864541559,Mar-34,738,Discover
Melissa Melton,4042739800008117,Jul-32,594,Mastercard
Daniel James,2237346358558615,Apr-30,520,Discover
Jesse Brown,376187994903988,May-33,190,JCB 16 digit
Alice Martinez,213106339229310,Feb-34,073,Mastercard
Aaron Delgado,4368601711788,Aug-33,370,JCB 16 digit
Harold Kim,30006641716072,Sep-33,362,Discover
Gina Franco,6011583387116956,Apr-28,8389,Discover
Eric Fleming,213189277105833,Apr-31,793,Mastercard
Erik Wilkerson II,2239624688425053,Jun-25,301,American Express
Joshua Foster,2720524325150799,Mar-31,001,JCB 16 digit
Reginald Landry,4988934288539909,Sep-29,624,VISA 19 digit
Austin Nelson,374594046492716,Oct-32,630,Diners Club / Carte Blanche
Jeffrey Fletcher,675911448404,May-26,084,JCB 15 digit
Mike Sullivan,180012538180941,Jan-33,126,VISA 13 digit
Kelly Arroyo,38375383797836,Aug-27,539,American Express
Mark Brennan,3506324333377668,Jan-29,514,JCB 16 digit
Leslie Zavala,180060941941318,Mar-26,530,American Express
Thomas Cain,6522513914322134,Nov-33,315,VISA 19 digit
Brandon Lewis,4968177292830,Jan-34,927,Mastercard
Anthony Yu,4983154156458992,Sep-33,466,VISA 13 digit
Debra Turner,6500583268941173,May-27,361,Discover
James Jimenez,675938480265,Jul-27,4773,VISA 16 digit
Jacqueline Smith,4699046188712164064,Jul-28,495,VISA 16 digit
Lucas Yang,4636338934539,Apr-27,303,Diners Club / Carte Blanche
Jordan Clark,3550802110835219,Jan-31,968,Diners Club / Carte Blanche
Samantha Brown,213152738943952,Dec-30,329,Maestro
Danielle Quinn,6522454368870577,Nov-24,598,Maestro
Joshua Powell,3556162012464194,Jan-31,834,Diners Club / Carte Blanche
Charles Browning,675997021620,Mar-33,688,Discover
Tiffany Glover,3555511861103272,Aug-30,504,Discover
Christina Griffin,502042530662,Sep-34,103,VISA 16 digit
Jose Ortiz,5332357836147555,May-26,453,VISA 19 digit
Elizabeth Matthews,213163858295115,May-28,872,JCB 16 digit
Jacob Clark,4903683497749013,Feb-26,165,Diners Club / Carte Blanche
Victor Hanson,6011208856705564,Aug-28,785,VISA 19 digit
Amber Bass,4682898252289305,Apr-29,974,Maestro
Eddie Santana,30564194121082,Feb-32,974,JCB 15 digit
Gary Estrada,4437815205950,Feb-34,689,Discover
Nicole Barnes,2297242254819671,May-32,241,JCB 15 digit
Patricia Hall,2708414605344575,Sep-28,016,Diners Club / Carte Blanche
Jennifer Wells,4180523944317242,Dec-26,913,VISA 19 digit
Daniel Williams,4476354581398545276,Oct-28,759,Discover
Rachel Brown,3536440788715253,May-28,705,VISA 19 digit
Willie Rose,371661480639236,May-26,919,Discover
Heather Kennedy,3525142621893924,Feb-27,543,Diners Club / Carte Blanche
Amanda Hooper,2716432452027473,Jun-25,871,Discover
Nathaniel Martin,4078244264332621,Apr-34,846,JCB 16 digit
Matthew Johnson,6571005453649225,Feb-31,169,VISA 19 digit
Robert Swanson,4309870954374373,Dec-32,535,American Express
Gilbert Simpson,503816426335,Apr-30,511,VISA 13 digit
John Graves,2252146875074702,Feb-28,828,JCB 16 digit
Cindy Douglas,6011690098539069,Nov-33,195,VISA 16 digit
Rachael Chapman,3521302325407884,May-26,973,JCB 15 digit
Luis Meza,5246537324381676,Apr-32,341,JCB 16 digit
Margaret Lowery,4986500783143,Jan-27,043,American Express
Michael Patterson,4852178137378373,Jun-33,513,VISA 16 digit
Larry Dudley,3524138817117285,Feb-31,319,Discover
Julia Mitchell,4429778843893,Oct-32,536,Maestro
Donna Ortiz,6503922750299848,Dec-26,749,VISA 16 digit
Heather Richards,3527621920238947,Sep-30,194,Discover
Christina Allen,4989408192164798,Jan-30,369,VISA 16 digit
John Camacho,4460420735547650,Jun-27,967,Discover
Jimmy Johnson,4260756560919064,May-30,538,Diners Club / Carte Blanche
Julia Daniels,213152832156121,May-25,279,VISA 16 digit
Jennifer Smith,3557809713001993,Jan-32,993,VISA 16 digit
Mrs. Desiree Tucker,3586376982258196,Mar-34,3002,Discover
Jack Miller,36157955415134,Nov-32,055,VISA 16 digit
Craig Castro,373978109118006,Nov-28,999,Discover
Mr. Ralph Jackson DDS,3590196536772193,Jan-29,513,JCB 15 digit
Kristen Garza,30427901322817,Feb-33,920,Mastercard
Jeremy Crosby,3588231530185433,Sep-27,340,VISA 13 digit
Amanda King,2532204189656649,Jan-25,162,JCB 16 digit
Tara Schroeder,213126839131097,Mar-26,1844,American Express
Nicholas Zamora,4999078581745974,Jun-26,878,Mastercard
Calvin Sanchez,373116308096802,Nov-30,198,American Express
Jonathan Miller,4136039353418350,Apr-25,5702,Diners Club / Carte Blanche
Richard Meadows,4556689901384,Jul-34,861,VISA 13 digit
Jacob Johnson,2716658949627364,Oct-32,764,JCB 15 digit
Thomas Johnson,4084325732657657,Jul-28,604,VISA 16 digit
Dylan Vaughn,675921709837,Jun-34,827,Mastercard
Anne Harris,36758343731825,Aug-30,634,VISA 16 digit
Melissa Richards,4060622208140509,Feb-29,792,JCB 16 digit
Stephanie Cannon,4783599756723322,Jun-30,527,American Express
Julie Griffin,3505876832007527,Feb-33,186,Discover
Rebekah Weaver,4919563035283,Jan-29,6236,VISA 16 digit
Michael Taylor,213119799507893,Jul-33,644,VISA 16 digit
Joshua Gonzales,3500915847144571,Jul-28,770,Diners Club / Carte Blanche
Ryan Wallace,4962740775397176,Sep-30,326,Mastercard
Austin Wells,2256269156593053,Apr-30,109,VISA 16 digit
Laura Hammond,4071814599870094,Sep-33,924,VISA 19 digit
James Young,3552916519253960,Apr-33,321,Discover
Theresa Williams,3575143724070468,Feb-32,261,Discover
Gary Rowe,341119238144923,Sep-25,975,JCB 15 digit
Timothy Trujillo,3564113915749124,Mar-25,242,Mastercard
Brenda Clark,4180701143374542898,Dec-26,111,JCB 16 digit
Margaret Haynes,347547065214563,Oct-27,422,Mastercard
Robert Larson,5429667065379669,Oct-30,549,VISA 13 digit
Samantha Beck,30211281926516,Dec-26,817,JCB 16 digit
Garrett Horton,377877593661636,Sep-32,1642,VISA 13 digit
Christopher Frazier,3584689962541122,Sep-29,505,Discover
Gregory Davis,4068109002918,Mar-27,301,JCB 16 digit
Carl Sherman,4140274878651276,Apr-31,052,Maestro
Jeremy Owens,4856518661271470713,Mar-29,889,VISA 19 digit
Michael Fox,4952358721718,Feb-33,293,American Express
Sandra Steele,378846426239489,Jan-32,764,VISA 16 digit
Eric Elliott,581835026161,Aug-33,034,JCB 16 digit
Samuel Grant,30563393881249,Dec-32,377,Diners Club / Carte Blanche
Melanie Powers,3503652909774154,Jun-29,613,VISA 19 digit
Brenda Cooper,371062899661988,Aug-26,029,JCB 15 digit
Suzanne Sherman,180044099707259,May-30,5731,Diners Club / Carte Blanche
Andrea Molina DDS,6011200272274820,May-27,036,VISA 13 digit
Joshua Casey,4803405333827402,Feb-31,037,Discover
Desiree Johnson,4434315152115044,Sep-34,577,Diners Club / Carte Blanche
Michael Wilson,38789371308846,Mar-31,968,VISA 16 digit
Gregory Williams,378694994372146,Oct-29,430,VISA 16 digit
Kyle Bowman,4647163161810335,Jul-25,926,JCB 16 digit
Nathan Wilson,2720187033995440,Jan-31,6236,Maestro
Joshua Brown,4854475531196,Jan-28,748,VISA 16 digit
Anne Kidd,3563535854910773,Mar-31,659,VISA 16 digit
Keith Richardson DDS,6011998173715284,Jul-30,124,VISA 16 digit
Joseph Curtis,3515164245634833,Oct-31,504,Maestro
Paula Vasquez,3573189404454474,Jan-30,423,Discover
Patrick Ryan,6011550233365939,Oct-25,132,JCB 16 digit
Frank Saunders,3544227865218313,Mar-25,841,VISA 19 digit
Lori Poole,3592577021092015,Nov-33,021,VISA 16 digit
David Mcdonald,3542950407596621,Aug-28,984,American Express
Natalie Castaneda,3512364605696256,Aug-25,136,Discover
Susan Valdez,4822742349023,Dec-27,056,VISA 13 digit
Mary Rivers,639001520852,May-27,196,JCB 15 digit
Kimberly Carney,4798546160706958,Dec-33,975,JCB 15 digit
Shane Henderson,4393376951252133850,Sep-28,276,VISA 16 digit
Jennifer Larson,3532791555309785,Nov-25,577,VISA 13 digit
Sara Jones,630428514099,Jan-27,730,VISA 19 digit
Jonathan Smith,2238298621287952,Aug-31,361,Discover
Tamara Arnold,4645480622538632,Jul-30,6326,Maestro
Dana Cortez,6011113443652255,Nov-33,046,Diners Club / Carte Blanche
Stephen Daniels,3583663944340771,Oct-25,375,American Express
Hannah Mckee,4137551217926,Jun-31,214,VISA 19 digit
Dennis Castillo,4361275995366104,May-34,092,JCB 15 digit
Mark Johnson,345499943692135,May-33,417,JCB 16 digit
Joshua Kim,4534207648142,Dec-27,061,American Express
David Collins,377206942545078,May-25,428,JCB 16 digit
Peggy Lucas,4699926401231448,Mar-26,691,Maestro
Mark Bailey,341103699268470,Dec-28,295,JCB 16 digit
Howard Roberson,370381891775286,Mar-34,301,Diners Club / Carte Blanche
Alicia Salazar,4343165586160086,Jun-31,6007,JCB 16 digit
Tracey Hunter,3522522442583049,Aug-29,622,JCB 16 digit
Jason Branch,4896122802331815844,Jun-30,488,JCB 16 digit
Leslie Lee,4149913979377134087,Dec-32,452,Maestro
Stephen Kent III,5430010327432967,Feb-29,796,American Express
David Carlson,343216901094332,May-31,526,Discover
Ryan Reynolds,3593278419705784,Aug-27,478,Diners Club / Carte Blanche
Kristina Rasmussen,3571954027718866,Jun-26,461,VISA 16 digit
Christopher Melton,2382375404260648,Apr-27,767,Discover
Antonio Moran,3597412951683309,Dec-27,891,Mastercard
Gregory Hudson,3535588616381051,Nov-24,845,Maestro
Michael Green,582952568803,Feb-30,7598,VISA 13 digit
Tiffany Moore,180084546952157,Apr-31,429,Mastercard
Gabriel Rodriguez,4012809152311652,Oct-27,844,JCB 16 digit
John Webb,501850601805,Mar-28,140,VISA 13 digit
Kristy Lopez,213103929796253,Nov-28,550,Maestro
Johnny Robles,4909832385708839,Jan-32,079,Discover
Jeffrey Duffy,630486096054,Sep-30,879,Maestro
Nicole Davis,676261759978,Feb-25,616,VISA 19 digit
Tyler Flores,378753926246305,Jan-26,034,VISA 13 digit
Bailey Johnson,341952526857206,Sep-28,175,VISA 16 digit
Troy Alvarado,213154225409703,Oct-25,3859,Mastercard
Donna Jensen,3576952973948003,Jun-33,498,American Express
Mandy Thompson,4756600833303592,Nov-26,876,VISA 16 digit
Shelly Martin,060421405196,Jan-30,329,American Express
Anthony Reed,341883307605128,Jan-27,636,VISA 13 digit
Leah Jones,4242998201370397,Nov-30,761,Diners Club / Carte Blanche
Cynthia Turner,348455003513386,Dec-33,329,Mastercard
David Curtis,675997685150,Jul-27,088,Maestro
Michael Robbins,6561446095130764,Apr-26,744,Maestro
Jorge Robbins,2226686709617732,Nov-26,520,Maestro
Edwin Fleming,4808976706077507,Jan-33,241,Maestro
Mary Hill,4690222414512,Sep-26,033,Discover
Jonathan Gilbert,3521019957823580,Mar-31,624,American Express
Aaron Rice,4995238785711482452,Jan-26,870,Maestro
Dakota Johnson,3524980995346289,May-32,045,Maestro
Casey Ochoa,3588655848723750,May-33,030,VISA 16 digit
Amy Middleton,4159788648967884,Sep-29,0837,American Express
Vicki Kane,630433139361,Nov-26,291,JCB 16 digit
Elizabeth Jenkins,4802068880660,Aug-27,362,Maestro
Katherine Dawson,4652857999098343420,Aug-31,647,JCB 16 digit
Lindsay Adams,4999329804976781235,Aug-27,150,JCB 16 digit
Kimberly Mcdaniel,6523089196320772,Apr-33,382,VISA 19 digit
Micheal Bradley,575369347340,Mar-30,078,Mastercard
Tracy Rodriguez,6568290275920641,Sep-34,292,JCB 15 digit
Brittany Chapman,4186786770889725,Aug-30,438,Maestro
Crystal Sanchez,3591644936415045,Sep-25,693,JCB 16 digit
Eric Kline,3577716853225496,May-34,926,Discover
Stephen Taylor,6562327036539595,Jan-28,4233,VISA 16 digit
Miss Marie Hall,38659881209471,Jun-28,576,Discover
Amanda Bush,3594791520968579,May-28,278,VISA 16 digit
Cynthia Rivera,4012926886001845,Apr-25,673,VISA 16 digit
Emily White,4630492427099923,Sep-31,149,JCB 16 digit
Douglas Howard,347116332694781,Sep-27,884,Mastercard
Linda Hancock,4260131370696601,Nov-28,528,American Express
Charles Lee,3582722887535291,Dec-27,028,VISA 19 digit
Daniel Hansen,4987479452637,Nov-28,7833,JCB 15 digit
Janice Pope,4936300590122465683,Jul-33,558,VISA 16 digit
Frances Watson,38853056392101,Jan-34,589,VISA 19 digit
Joe Wilson,6505878560594125,Apr-26,861,Mastercard
David Abbott,3532447001709413,Oct-31,212,JCB 16 digit
Lauren Rogers,6011645898584947,Sep-27,677,JCB 16 digit
Johnny Spencer,4260010772035040,Dec-24,6592,Maestro
Riley Fletcher,4678188901984639,Dec-24,4843,Mastercard
Stephanie Neal,4317057695456574,Apr-32,058,JCB 16 digit
Rebecca Padilla,38726150664353,Oct-30,848,American Express
Sheri Smith,376613545408243,May-29,019,JCB 16 digit
Nicole Butler,38983342135970,Jan-28,737,VISA 16 digit
Andrew Eaton,6011152447669287,Mar-28,053,VISA 16 digit
Dr. Hannah Ramirez,6011690568040820,Oct-30,958,Discover
David Jones,3540855614417184,Feb-31,551,American Express
Ricky Hill,4514914278625882579,Aug-33,604,VISA 19 digit
Stephen Wilson,4280687111231478883,Jun-27,358,Diners Club / Carte Blanche
Travis Yu,180039226201614,Nov-30,627,VISA 16 digit
Kimberly Hardy,4097882090182822,Feb-32,265,VISA 16 digit
Tracy Newman DDS,6011252616694692,Nov-28,086,VISA 16 digit
Darius Green,180012264654663,Aug-25,634,Maestro
Erica Santana,2283822782352208,Feb-26,095,Maestro
Jason Robinson,6011002307917302,Nov-32,525,VISA 16 digit
Matthew Rice,4694254979933179,Aug-34,943,VISA 16 digit
Michael Ellis,3552929855211120,Jan-29,0440,VISA 16 digit
Michael Jennings,3586680267533805,Jun-32,984,JCB 15 digit
Cynthia Turner,676188657842,Feb-29,307,JCB 16 digit
Thomas Perkins,4278818028985,Oct-26,670,VISA 16 digit
Patricia Byrd,180048875830581,Nov-28,930,JCB 16 digit
Jennifer Garcia,30496062854157,Dec-31,676,Mastercard
Evan Sutton,6011496813820721,Aug-25,167,American Express
Jennifer Jones,060450978584,Nov-28,888,American Express
Richard Miller,4830445103179573,Mar-32,447,JCB 16 digit
Alex Bowman,213198473333271,Sep-32,643,VISA 13 digit
Susan Grant,4116525369461164,Jul-31,787,American Express
Kyle Melendez,587156740512,Dec-24,420,Diners Club / Carte Blanche
Wendy Fernandez,4174672581754353,Aug-32,752,VISA 16 digit
Christopher Gregory,583409905754,Sep-32,920,American Express
Amy Moore,2254662185007867,Nov-30,269,VISA 16 digit
Miranda Jenkins,180068721311313,Aug-30,335,JCB 15 digit
Hayden Goodwin,4398548870721214,Dec-25,172,Mastercard
Kenneth Moore,6011659599649263,May-29,366,Mastercard
Christina Morton DDS,4203698638083,Apr-28,0431,VISA 16 digit
Brett Cortez,213161096111664,Jul-29,161,VISA 19 digit
Nicholas Fowler,5207923972034089,Jul-26,387,VISA 13 digit
Bryan Ochoa,213193317954374,Sep-32,604,Mastercard
Kevin Hall,180024256391519,Apr-28,865,JCB 15 digit
David Wilson,372858412674278,Jul-30,860,JCB 16 digit
Mark Johnson,4762656333375,Feb-26,003,Mastercard
Katie Campos,4575909189463283,Aug-33,612,American Express
William Jarvis,6011766032623001,Jul-29,418,VISA 19 digit
Douglas Larson,5497956753874116,Jul-25,2412,Mastercard
Joel Gardner,4498689361336051,Apr-27,605,Maestro
Teresa Garcia,4425043847375150,Oct-30,2814,VISA 19 digit
Christopher Dominguez,4313106788568190884,Jun-25,493,JCB 15 digit
Brian George,6537785945318884,Mar-30,223,Maestro
Pamela Harrell,639043590152,Jul-27,096,JCB 16 digit
Kayla Larsen,3544315254434904,Feb-31,0180,VISA 19 digit
Justin Allen,3587823105844310,Apr-28,164,VISA 16 digit
Stacy Pearson,4305584754416565,Jan-27,815,Diners Club / Carte Blanche
Misty Lindsey,4789486380865584,Jun-27,008,Diners Club / Carte Blanche
Dr. Jamie Mercado DVM,348192660517174,Jan-34,155,JCB 15 digit
Victor Johnson,4198336524504901,Oct-27,502,Diners Club / Carte Blanche
Rachel Faulkner,3596985158122750,Oct-27,145,VISA 16 digit
Erin Morrison,3554094449676284,Apr-32,923,Discover
Phyllis Davidson,3582507174231468,Feb-28,537,Mastercard
Jessica Martinez,2499641486335826,Feb-30,925,Mastercard
Mrs. Robin Morales,676233343836,May-28,2733,Discover
Christopher Henderson,2297627651035576,May-26,390,Maestro
Sharon Mcpherson,4000070157660,Nov-33,090,JCB 15 digit
Jesus Ruiz,213138851264706,Jun-25,145,JCB 16 digit
Christina Mendoza MD,4956471624527,Feb-29,536,Diners Club / Carte Blanche
Scott Moreno,3547300108819465,Apr-30,4837,Mastercard
Kristen Cunningham,6520790846420523,Aug-29,588,VISA 16 digit
Evelyn Greer,2289885876998826,Oct-30,514,JCB 15 digit
Michelle Daugherty,4643764099113389,Jun-28,539,Maestro
Zachary Romero,4691938083386901,May-30,120,Diners Club / Carte Blanche
Anthony Jones,4513826360080389107,May-27,988,American Express
Natalie Cox,3518262417146201,Jul-33,968,JCB 16 digit
Benjamin Holmes,30210458864500,May-27,929,VISA 16 digit
John Koch,3590844281480849,Jan-32,915,Mastercard
Peter Gardner,675990816521,Dec-26,850,VISA 16 digit
Marcus Acosta,4456198063880986,Apr-29,619,VISA 16 digit
Zachary Mullins,2254042578739006,Jul-27,115,JCB 16 digit
James Johnston,2269395400856874,Aug-25,705,JCB 16 digit
Robert Fox,371514416076769,Jan-27,894,Maestro
Amber Smith,4295341571902380,Nov-26,996,VISA 13 digit
Bianca Brooks,6011566935233233,Nov-26,857,JCB 16 digit
Thomas Patterson,4812030191957965,Jun-25,977,Discover
Daryl Ferguson,4290044553983,Aug-27,466,Discover
Cynthia Hughes,6524408391652848,Aug-34,696,JCB 15 digit
Christina Carney,6011315390499586,Dec-32,445,Mastercard
Brittany Rodriguez,4721260574616736,May-33,569,VISA 16 digit
Kimberly Larson,3592311461223876,Oct-26,772,JCB 16 digit
Jonathan Dawson,213130826481309,Mar-32,452,VISA 13 digit
Desiree Brown,4165233872071402,Jul-30,116,JCB 16 digit
Mr. Reginald Warren,36699779962973,Mar-30,024,Diners Club / Carte Blanche
Edward Byrd,3570226826767324,May-26,608,Diners Club / Carte Blanche
Jason Humphrey,4773363141084352773,Jun-32,979,VISA 16 digit
Brandon Diaz,3564927698867336,Jan-30,910,JCB 15 digit
Beth Reynolds,30423869342632,Apr-30,716,JCB 16 digit
Anne Allen,4050330625543,May-28,771,Maestro
Jennifer Vega,4066836690224079124,May-33,587,VISA 16 digit
Lisa Cantu,213152940000112,Nov-33,823,JCB 16 digit
Thomas Novak,3521794905624435,May-33,414,VISA 13 digit
Rachel Carter,30452909233907,Jun-29,3602,Maestro
Maria Davidson,2232837097175708,Jan-28,683,VISA 19 digit
Desiree Bauer,501843973865,Feb-29,625,VISA 13 digit
Elizabeth Phillips,180005785531261,Jan-32,6507,Diners Club / Carte Blanche
Adrian Moore,30327164521065,Apr-34,969,American Express
Pamela Holmes,6011258388558304,Jun-25,413,American Express
Michelle Stone,213174471038857,Dec-25,1291,VISA 16 digit
Danielle Taylor,3540889958072305,Jul-33,291,JCB 16 digit
Jennifer George,38442899891923,Aug-34,431,American Express
Sarah Brooks,30472650990745,Jun-34,235,VISA 16 digit
Alexandria Bryant,4815301222756419811,Oct-29,568,VISA 16 digit
Sarah Hood,4479929744623,Feb-34,493,JCB 15 digit
Crystal Harrison,4087079099511762354,Aug-33,518,Mastercard
Nicole Mccoy,6011875292026738,Aug-29,736,Mastercard
Leah Grant,4722398035456,Jan-28,960,VISA 16 digit
James Luna,378132610874963,Jan-31,916,American Express
Dr. Herbert Anderson,3545186235445379,Sep-25,189,JCB 16 digit
Robert Smith,675973605941,Sep-30,197,Maestro
Christopher Benson,6011778698233926,Feb-34,627,VISA 16 digit
Jeffrey Salinas,3574619782723792,Sep-31,726,JCB 16 digit
Mrs. Sarah Shields MD,560208825078,Oct-32,302,American Express
Mark Butler,060414381867,Jul-30,133,Maestro
John Freeman,3578677701968837,Jun-26,177,JCB 16 digit
Charles Harper,4849072857563809,Jun-27,944,VISA 13 digit
Michael Whitney,6572741731952440,Mar-34,269,VISA 19 digit
Pamela Villa,3574177504439064,Jan-31,092,JCB 16 digit
Travis Davis,180001838917672,May-30,323,JCB 15 digit
Stephanie Olson,6586023517933983,Feb-30,087,Maestro
Destiny Martinez,2232698236243025,Mar-26,2695,Maestro
Teresa Lewis,3524221686734495,Aug-25,935,VISA 16 digit
Tara Kaiser,36945026226625,Jul-29,227,JCB 16 digit
Lisa Peck,6011182533586814,May-32,226,JCB 15 digit
Joseph Stevens,4802836716402549,Sep-28,733,VISA 16 digit
Thomas Johnson,4193427840652873,Nov-26,831,VISA 13 digit
Amy Porter,213127781305556,Mar-30,588,American Express
Travis Decker,3507302921956613,Aug-27,718,Mastercard
Gerald Martinez,375283468623672,May-26,009,Diners Club / Carte Blanche
Theresa Riddle,38324417299310,Jun-25,027,VISA 19 digit
Sara Padilla,375397720000089,Jun-26,528,Maestro
James Dalton,4433828578023296,Feb-26,677,JCB 16 digit
David Spencer,2225647172446968,Aug-31,005,VISA 16 digit
Steven Fernandez PhD,213151760865844,Oct-24,885,VISA 16 digit
Michelle Barnes,30305907509449,Oct-28,946,JCB 16 digit
Christopher Sawyer,4299333023634683,Mar-32,387,Diners Club / Carte Blanche
Andrea Mcdowell,4017573451642473,Feb-32,583,Diners Club / Carte Blanche
Jermaine Carrillo,639029798365,May-32,274,American Express
Gary Lopez,378570745706701,Oct-24,644,JCB 15 digit
Jeff Olson,2253873963975347,Jun-33,6206,VISA 16 digit
Cheryl Preston,3577071672548581,Mar-26,189,Maestro
Melissa Parker,2292993581133617,Apr-25,664,American Express
Kevin Wade,343396677820290,Feb-28,508,JCB 16 digit
Robert Moore,30205517360342,Aug-30,339,Mastercard
Lauren Jimenez,639098923514,Jan-27,640,VISA 13 digit
Matthew Mccall,30594174880795,Jun-30,064,Discover
John Bradshaw,4000614122626,Mar-26,067,JCB 16 digit
Joshua Savage,4599355799367620411,Jun-30,778,American Express
Tiffany Cochran,561224989690,Mar-26,060,VISA 19 digit
Aaron Price,503862464016,Apr-34,314,Diners Club / Carte Blanche
David Patel,4486058949706512,Dec-28,603,Diners Club / Carte Blanche
Stephanie Davidson,4368073450717,Mar-34,5004,JCB 16 digit
Jason Harris,5459803365782004,May-31,339,American Express
Erica Newman,3533551523606285,Sep-27,612,Discover
Kenneth Gillespie,676209843546,Jul-28,160,Discover
Charles Strong,4491174116112010468,Dec-28,589,JCB 15 digit
David Taylor,180021022947640,Oct-24,202,Mastercard
Ian Davis,4440997006199662,Sep-29,229,JCB 16 digit
Amy James,345951097164378,Jun-31,615,VISA 19 digit
Gregory Webster,564136814576,Jan-34,360,JCB 16 digit
Sylvia Li,4536414450469,Aug-28,348,JCB 16 digit
Amy Stone,4303603957426742,Aug-32,033,VISA 19 digit
Aaron Foster,6011637817979266,Apr-28,621,VISA 16 digit
Joseph Rivera,3577718705799389,Jun-34,863,VISA 13 digit
Nicole Mcgee,4712443616394709,Mar-27,422,JCB 16 digit
Robert Mercado,4035839947217339,Dec-27,320,American Express
Amy Garza,4907961735845553,Jan-25,758,JCB 15 digit
Jill Miller,4797031674738773540,Feb-26,380,VISA 19 digit
Gregory Perkins,4839759214692,Feb-26,858,JCB 16 digit
Emily Chaney,4949886714447,Jun-30,875,Mastercard
Richard Wells,4048643259584957690,Feb-33,0090,Diners Club / Carte Blanche
Jonathan Schneider,341308351578351,Jan-30,640,American Express
April Fitzgerald,4329238501125,Oct-26,714,JCB 16 digit
Jeffrey Ramirez,30519203076644,Feb-26,174,VISA 19 digit
John Ryan,3592304448685630,Nov-30,863,JCB 16 digit
Barbara Thompson,4159928262208021,Nov-25,284,American Express
David Bailey,30174517215288,Dec-26,560,JCB 16 digit
Jay Mendez,4407494051084222,Oct-27,158,VISA 16 digit
Christopher Miller,4203149264785710476,May-31,681,VISA 16 digit
Sharon Steele,213177295730062,Apr-33,681,JCB 15 digit
Thomas Moreno,2702532030997414,Mar-26,696,JCB 15 digit
Victor Collins,567556333282,Mar-30,5094,JCB 16 digit
Brent Brooks,3548491730965641,Dec-29,909,JCB 16 digit
Jacqueline Turner,5304209593143976,Dec-27,623,Diners Club / Carte Blanche
Daniel Hogan,36795786336340,Apr-32,170,JCB 15 digit
Juan Porter,6011314721630332,Nov-32,637,VISA 13 digit
Jeremy Castaneda,4257401394582,Sep-26,755,Maestro
Joseph James,3564654025389913,May-29,229,JCB 15 digit
Laura Whitaker,4974144741676373,Jan-28,187,VISA 16 digit
Nathan Reyes,213136733284561,Jan-28,946,VISA 16 digit
Jonathan Hickman,6011123433810110,Jun-34,926,JCB 16 digit
Cassandra Morales,4190448125843477985,Sep-31,985,American Express
Daniel Davis,4643618053923,Jun-31,617,VISA 16 digit
Rebecca Baker,6543542390476804,Aug-27,611,Mastercard
Gloria Lane,4331675702075830,Dec-27,900,JCB 16 digit
Noah Ryan,3536616861573731,Feb-29,203,VISA 16 digit
Gregory Hernandez,3582675123479361,Dec-28,417,Diners Club / Carte Blanche
Jessica Williams,2262485872396769,Apr-31,179,JCB 16 digit
George Sanchez,4566778520607,Aug-28,014,JCB 15 digit
Melissa Brown,4432321439771,Aug-29,309,American Express
Amanda Trujillo,6011989865203028,Dec-29,440,JCB 16 digit
Ashley Snow,4496272712402342791,Oct-24,343,Discover
Shane Lucero,574315242416,May-30,322,JCB 16 digit
Connor Johnson,4290181453244123233,Oct-25,264,VISA 19 digit
Fred Crawford,6011242630239293,Feb-30,065,Mastercard
Jason Brown,4670386681152499981,Oct-25,794,JCB 15 digit
Colton Lewis,4243877138950025882,Oct-32,592,JCB 16 digit
Mary Branch,3536564420889364,May-28,660,JCB 15 digit
Crystal Andrade,213185736357858,Dec-29,400,Maestro
Kelly Ramos,30581538079156,Nov-33,279,JCB 15 digit
Marcus Hogan,6011169482087910,Aug-28,118,VISA 16 digit
Miss Anita Lang,630447401476,Aug-31,7919,Diners Club / Carte Blanche
Melanie Macias,36858055833148,Nov-26,917,Discover
Austin Erickson,4857229468847,Nov-26,956,Mastercard
Lindsey Blackwell,4185575226563,Apr-33,980,American Express
Sara Prince,4535446258120535,Oct-24,981,JCB 16 digit
Joseph Williams,2592472894366161,Aug-32,602,Mastercard
Zachary Paul,4132764295491744,Mar-32,254,VISA 19 digit
Adam Bryan,347923159562854,Nov-30,439,Diners Club / Carte Blanche
Mikayla Jackson,2459687173297041,Oct-31,158,JCB 16 digit
Kristen Villanueva,4890545442503856276,Mar-25,595,JCB 15 digit
James Aguirre,180055788458533,Sep-32,578,Discover
Brittany Beck PhD,180017884271582,Aug-32,448,Maestro
Donna Mcdonald,213122893745070,Sep-32,782,VISA 19 digit
Amanda Miller,630483947663,Jun-31,025,VISA 16 digit
Frank Chapman,3567526471354574,Mar-27,495,Maestro
Ryan Alexander,4883726591766,Mar-33,398,VISA 19 digit
Shannon Ramirez,2704887193072498,Mar-27,292,American Express
Lisa Alvarez,4070396095783523815,Dec-27,945,VISA 16 digit
Justin Silva,372281358509855,Jun-27,448,Diners Club / Carte Blanche
Maria Graham,213106440888558,Aug-28,9691,Mastercard
Kenneth Savage,4940663000426643,Jan-32,391,Diners Club / Carte Blanche
Brian Horn,6011584114176818,Jul-31,667,VISA 19 digit
William Johnson,4856723196383,Apr-31,989,Diners Club / Carte Blanche
Hayley Nelson DDS,30138976457434,Dec-24,588,Diners Club / Carte Blanche
Kendra Nguyen,30419175739230,Jul-33,807,Maestro
James Wood,6554698907232209,Feb-32,233,VISA 16 digit
Nicole Valdez,4544396393863,May-25,090,VISA 13 digit
Hunter Gomez,341148827018529,Jan-28,823,Discover
Mark Nguyen,6560899928716368,Sep-28,707,JCB 15 digit
Sandra Vaughan,38803886794802,Mar-32,166,VISA 13 digit
John Pearson,3580163235914247,Feb-32,4937,VISA 13 digit
Jill Thompson,4643149040670,Aug-33,708,Maestro
Dave Wright,4213703212636965846,Jun-25,694,JCB 16 digit
Amanda Miller,30502144913190,Dec-25,954,VISA 16 digit
Olivia Pitts,3592127616193123,Feb-34,2999,JCB 16 digit
Annette Cunningham,501823187783,May-30,838,JCB 16 digit
Stephanie Lee,342164781528915,Jan-28,228,American Express
Bryan Wood,4109128250702645,Apr-25,003,JCB 16 digit
Virginia Mclean,4853134070442990487,Aug-26,323,JCB 16 digit
Jason Pugh,2228880591485617,Feb-31,624,JCB 16 digit
Ryan Jones,4962811345895568413,Oct-30,024,JCB 15 digit
Shannon Jensen,4413161275463069660,Mar-27,5202,VISA 16 digit
Joyce Lang,3523896323926173,Aug-30,519,American Express
Ashley Andrews,4026193940877801089,Nov-24,453,JCB 15 digit
Casey Watson,213148864021035,Apr-29,044,JCB 15 digit
Cristian Lopez,4705450341883205968,May-32,381,Diners Club / Carte Blanche
Erica Fox,2294644963937855,Jan-27,316,VISA 13 digit
Omar Myers,4370628018677447952,May-28,048,Discover
George Gray,180080567537745,Jan-32,764,VISA 16 digit
Rebecca Evans,3575846483562695,Nov-31,790,Discover
Lisa Klein,3588140666724339,Jun-25,007,American Express
Brian Kelly,4960420859829053,Jul-28,615,JCB 15 digit
Laura Douglas,564780120239,Sep-31,129,VISA 19 digit
Jamie Kelly,4592180161723,Dec-24,099,VISA 16 digit
Xavier Castaneda,3593190996146458,Jul-25,404,Diners Club / Carte Blanche
William Roberts,38636782151887,May-30,165,Maestro
Daniel Johnson,4833374382190,Mar-25,805,Mastercard
Aaron Gallagher,6011942963420283,Dec-29,808,VISA 19 digit
Cindy Jones,30300316466505,Sep-26,847,Discover
Kevin Ferguson,4633875033308118337,Apr-34,152,JCB 16 digit
Andrew Ballard,30333422251511,Jan-28,497,VISA 13 digit
Linda Williams,3500529066917250,Jun-26,770,Discover
Jacqueline Bauer,501801138501,Aug-26,574,VISA 16 digit
Taylor Green,3559897347937292,Jan-34,2358,Maestro
Maria Brown,36997228229394,Dec-24,3195,VISA 16 digit
Brenda Allen,38530552478309,Sep-26,066,JCB 15 digit
Manuel West,2668164144598698,Dec-27,188,JCB 15 digit
Beth Levy,4675631538503479603,Jul-30,142,JCB 16 digit
Carl Valentine,3522027766281725,Mar-26,837,Diners Club / Carte Blanche
Melody Weeks,373795755875402,Jul-28,963,VISA 16 digit
Mrs. Tina Wilson,3509051731992692,May-27,879,JCB 16 digit
Christine Kelley,213168493163206,May-28,670,Diners Club / Carte Blanche
Patrick Cameron,2301807743426132,Feb-29,988,Maestro
Calvin Jones Jr.,349677540910416,May-33,890,Discover
Luke Lewis,4020402506409834,Mar-30,076,VISA 19 digit
David Valentine,213135696658548,Oct-29,674,Discover
Spencer Watson,675979234795,Mar-34,639,VISA 19 digit
Robert Ramirez,4814332246547207,Sep-26,572,Discover
Steven Ryan,502060000176,Mar-25,448,Mastercard
Maria Alvarez,3547112601853440,Aug-28,822,Maestro
Richard Smith,503863967777,Nov-29,916,Mastercard
David Alexander,4072231342127353201,Mar-30,0364,JCB 16 digit
Brooke Rodriguez,4058383102617,Sep-33,999,Discover
Deanna Jones,6011519425479337,Jun-28,346,Diners Club / Carte Blanche
Ronald Wright PhD,3555575629761119,Feb-28,213,Discover
Laura Lewis,4536541729959,May-26,368,Discover
Amy Lucas,4353112447361757,Jun-29,204,VISA 16 digit
Heather Adkins,6011606409085196,Jun-28,666,VISA 16 digit
Francisco Wilson,3514921264763129,Mar-34,477,VISA 16 digit
Keith Smith,630402264661,Mar-30,570,VISA 16 digit
Brian Davis,180021283868592,May-27,029,Maestro
Tara Brown,4299074313255256,Mar-27,423,VISA 13 digit
Dominique Floyd,3541229471662507,Apr-31,492,Mastercard
Abigail Kim,630464561277,Feb-30,376,VISA 19 digit
Jonathan Romero,4501707433844756,Jan-31,371,JCB 16 digit
Rhonda Miller,4384718267987076,Jan-29,815,Diners Club / Carte Blanche
Timothy Daugherty,3524116087119959,May-28,419,Diners Club / Carte Blanche
Daniel Ward,3542909606338367,Oct-28,888,Diners Club / Carte Blanche
Stephanie Garza,36231035508042,Feb-34,722,VISA 13 digit
April Perry,2259579044519475,Mar-32,190,JCB 16 digit
Benjamin Harris,4815293427231905,Dec-32,781,American Express
Kimberly Mercer,676273322294,Jul-34,731,JCB 16 digit
Taylor Martin,2254738762288037,Aug-32,845,JCB 16 digit
Daniel Woods,6011283412086957,Jul-33,411,American Express
Mark Castaneda,4887915575859187586,Feb-33,803,VISA 19 digit
Robert Robinson,4206009940718,Jan-31,294,VISA 16 digit
Maxwell Morris,3541765131554857,Apr-30,927,JCB 16 digit
Joshua Hayes,6011082062882800,Dec-27,004,JCB 16 digit
Ryan Gonzales,4476772072241525,Dec-30,126,VISA 16 digit
Amy Carlson,4829313895910766,Nov-33,422,VISA 16 digit
Veronica Paul,30522836020369,May-28,396,Discover
Theresa Garza,349073252928095,Jul-26,609,JCB 16 digit
Mary Ryan,6502936739671571,Oct-32,766,Maestro
Andrew Alvarez,3559994304137352,May-29,837,Mastercard
Connie Martin,4479939081444799,Jul-25,126,VISA 16 digit
Anthony Wolf,4743288339321213,Jul-34,922,Diners Club / Carte Blanche
Amanda Noble,502091712534,Nov-31,347,VISA 16 digit
Daniel Hughes,4992193650393015,Jan-30,741,Mastercard
Margaret Reed,30417708949953,May-30,923,VISA 13 digit
Leonard Davis,3559927569707667,Sep-34,218,VISA 19 digit
Charles Ryan,2262779231710052,Dec-33,966,Mastercard
Steven Gutierrez,6011458156252698,Sep-29,375,Maestro
Erin Perez,501874796540,Sep-31,816,JCB 15 digit
Grace King,2299896905437791,Mar-32,947,JCB 16 digit
Scott Ibarra,4403418271142142,Jul-33,574,Mastercard
Rebecca Fletcher,30599793994331,Jul-26,721,VISA 16 digit
Marie Jones,4312434143814081,Jul-30,879,JCB 15 digit
Allen Brady,4260699060600,Oct-26,593,JCB 15 digit
Valerie Williams,4454084359960538472,Dec-33,181,Discover
Ann Cohen,4802220271044204,Oct-29,797,VISA 16 digit
Darlene Beasley,4869014358781113,Jan-34,385,VISA 19 digit
Stephanie Moore,4194991850313865,Jul-32,583,JCB 16 digit
John Boone,6011475573919865,May-28,207,VISA 16 digit
Tina Jenkins,30363362881621,Oct-26,323,JCB 15 digit
Erin Williams,676322685311,May-34,7005,Maestro
Stephanie Webster,30360669787642,Mar-34,413,Maestro
Melissa Payne,676198432046,Dec-25,240,VISA 16 digit
Kelly Thompson,4819263300183206,Sep-33,023,VISA 16 digit
Victoria Green,4689061550239109,May-29,531,VISA 13 digit
Andrew Taylor,180055072730662,Aug-34,200,Diners Club / Carte Blanche
Beth Mckee,502004704917,Apr-31,269,Maestro
Dr. April Myers,6011160919408076,Jan-32,542,Mastercard
Robert Brown,2702580840774580,Apr-33,420,VISA 13 digit
Shawn Matthews,3564941525572753,Mar-28,385,VISA 13 digit
David Thomas,6011601291675535,Feb-26,379,VISA 16 digit
Jesse Garcia,4664450848439408,Aug-33,200,VISA 16 digit
Tammy Ramos,2230540024903463,Jul-25,914,VISA 13 digit
Christopher Lowery,4556829481548116639,May-31,036,VISA 19 digit
Leah Swanson,4301255322991652981,Oct-26,093,JCB 16 digit
James Crane,4224954857278853040,Oct-27,079,JCB 16 digit
Catherine Gonzalez,4142805584667,Aug-28,340,VISA 13 digit
Jeffery Bautista,6515788349981295,Sep-25,545,VISA 13 digit
Adam Cruz,30500704659898,Sep-27,150,JCB 16 digit
Tyler Walker,4356099297785016557,Dec-24,635,JCB 16 digit
Steven Adams,180061446296075,Jan-32,588,JCB 16 digit
Patrick Rangel,2272240934410704,Jul-30,461,VISA 16 digit
Annette Harris,3564524027972091,Jun-29,785,American Express
Andrew Allen,6011876383294250,Apr-33,949,JCB 16 digit
Kevin Alvarez,4839307575494825191,Sep-30,809,Maestro
Craig Cline,578536962280,Apr-29,106,JCB 16 digit
Jeffrey Johnson,3545268593495806,Jun-28,810,Discover
Julie Franklin,3519296709225835,Apr-32,592,Diners Club / Carte Blanche
Jennifer Flores,345314518311658,Aug-32,425,American Express
Joseph Price,180001179763222,May-31,285,JCB 16 digit
Scott Burke,4608779282012316,Nov-29,523,VISA 16 digit
Mr. Michael Carter,213192880660913,Oct-29,663,JCB 15 digit
Nicole Thomas,213172515598407,May-34,437,Maestro
Michele Morgan,4032104917637,Nov-25,302,JCB 15 digit
Mrs. Elizabeth Hoover,4901858573681,Feb-33,619,American Express
Mackenzie Carter,4807472371282631,Jun-29,478,Maestro
Gabrielle Marshall,4033156914745883,Feb-25,4733,VISA 16 digit
Susan Phillips,4758561080182006,Sep-27,115,Discover
Austin Morgan,060486587946,Aug-32,4967,JCB 15 digit
William Walter,6517851756270657,Aug-29,263,VISA 19 digit
Renee Morrow,377652360426699,May-34,564,VISA 19 digit
Lucas Lindsey,213104874244158,Sep-31,849,VISA 13 digit
Jessica Jones,4803918304984,Dec-31,8602,VISA 13 digit
Alyssa Barr,2715282167383534,Mar-33,524,JCB 16 digit
Caroline Gray,3560635867153842,Dec-33,307,VISA 19 digit
Nicholas Peck,4677487853958588,Jan-31,203,VISA 19 digit
Heather Choi,4263766882535248,Sep-34,525,JCB 15 digit
David Gibson,213110026447003,Oct-26,838,VISA 16 digit
Shelia Miller,4838225663291364746,Jul-26,418,VISA 13 digit
Jeffrey Soto,6011912255157653,Aug-33,399,American Express
Dave Moore,4522560103326,Mar-30,009,JCB 16 digit
Caitlin Hahn,213128800657746,Mar-29,656,JCB 16 digit
Jennifer Jenkins,4397968895618560,Apr-31,874,JCB 16 digit
Lisa Martinez,4528125875068,Aug-31,714,American Express
Tonya Carter,6535740623265990,May-31,0186,VISA 13 digit
Donald Gonzalez,3594716730476907,Sep-26,647,Maestro
Joseph Stanley,4185725227032,Mar-29,535,VISA 19 digit
Troy Morris,5401676001316174,Mar-31,673,VISA 16 digit
Dylan Gray Jr.,3531224965130618,Nov-30,093,VISA 13 digit
Jacqueline Diaz,374659461520729,Apr-33,600,VISA 13 digit
Haley Bates,4096683430390880,Jan-34,275,JCB 16 digit
Ian Hernandez,4334056250722,Aug-25,268,VISA 16 digit
David Rodriguez,4237387352132169,Feb-31,939,JCB 16 digit
Derrick Davis,676166813466,Dec-26,759,JCB 16 digit
Timothy Watson,4244532614951846,Mar-31,201,Diners Club / Carte Blanche
Rebecca Stewart,378470373883494,Nov-27,642,JCB 16 digit
Tiffany Jones,4396037904317158002,Apr-27,416,Mastercard
Amy Jones,2707057703425134,Apr-25,621,VISA 13 digit
Mary Peck,30154697967114,Jan-27,134,VISA 19 digit
Brent Brown,639011634206,Mar-28,8486,JCB 16 digit
Christopher Walsh,4792425821663187445,Mar-26,141,Maestro
Beverly Murphy,676227755771,Nov-25,721,Discover
Louis Roach,4335248407005233,Nov-28,537,VISA 13 digit
Robin Carter,4297374506917858,Apr-30,314,American Express
Deanna Brown,676185568257,Dec-24,591,VISA 16 digit
Rebecca Mack,4572111538059915073,Feb-34,175,VISA 19 digit
Denise Mcintyre,30599400378498,Jun-31,402,JCB 16 digit
Cassandra Stokes,3578611617998414,Aug-26,182,VISA 19 digit
William Hall,38400648998803,Oct-25,594,Maestro
Natasha Johnson,346581283599076,Jan-34,384,JCB 16 digit
Casey Rogers,3538063385412120,Apr-34,729,JCB 15 digit
Joel Coleman,630402432557,Oct-31,401,VISA 16 digit
Mark Mercer,3568515784997418,Oct-31,152,Maestro
Lisa Norris,4077291580220280237,Dec-28,212,Maestro
Angela Alexander,675909533647,Jun-29,3850,Discover
Alex Smith,30103399504188,Jul-29,202,JCB 16 digit
Andrea Buckley,344100454476501,Oct-31,852,JCB 16 digit
Paul Holmes,3557859396656563,Aug-29,204,Diners Club / Carte Blanche
Patrick Flynn,2273528812315725,Dec-29,403,JCB 15 digit
Ruben Harmon,4913049314737953,Oct-24,3681,VISA 16 digit
Angel Warner,6011267932058752,Dec-31,219,VISA 13 digit
Karen Meza,180078277757256,Jul-33,388,Maestro
Danielle Marquez,4786305938888,Jun-29,347,JCB 16 digit
Bryan Robinson,4265448422925910,Jul-34,515,JCB 16 digit
David Rosales,4476292728811,Jun-26,505,VISA 13 digit
Emily Moore,2599579322013893,Jul-33,050,JCB 16 digit
Bryan Thompson,4537336623747790120,Mar-27,5963,Mastercard
Jamie Scott,4222559526455653,Mar-33,171,Maestro
Logan Wells,4525776772580190,Oct-27,283,Mastercard
Sarah Robinson,4774241788823983,Apr-26,788,Maestro
Joseph Rodriguez,2281433531716164,Mar-31,555,JCB 15 digit
Devin Flores,6011665950642631,Aug-30,637,VISA 16 digit
Carl Short,2286864735042202,Apr-34,684,Mastercard
Keith Taylor,4923563575547842,Apr-30,811,Mastercard
Nancy Carter,347785273074813,Apr-30,499,American Express
Felicia Campbell,4780020941319,Oct-25,604,VISA 19 digit
Stephanie Thompson,3509925752348043,Oct-25,473,Mastercard
David Williams,3544089583135876,Jan-27,328,VISA 13 digit
Erin Greene,4786204810692587021,Aug-26,607,American Express
Shannon Munoz,639025338141,Dec-30,608,JCB 16 digit
Andrea Gonzalez,6511149130941952,Dec-30,354,JCB 15 digit
Dustin May,2268625182280328,May-27,503,VISA 13 digit
Denise Gonzalez,3563099642366830,Feb-29,729,VISA 16 digit
Ralph Baker,3538566116824363,May-25,5621,Discover
Heather Taylor,4827017883642688040,Feb-33,024,VISA 16 digit
Matthew Jenkins,3517130580884992,Apr-34,757,JCB 16 digit
Jacob Salinas,30058473530030,Apr-32,461,Diners Club / Carte Blanche
Emily Bryan,6507079535459522,Dec-25,186,Maestro
Gina Dyer,4861685986473476631,Sep-31,823,Diners Club / Carte Blanche
Patricia Rose,4812415044543960083,Dec-28,482,JCB 15 digit
Christopher Cooper,6553723729730841,Aug-34,075,VISA 16 digit
Daniel Williams DDS,2275244197743410,Feb-31,172,Discover
William Clark,2503579414081423,Jan-27,091,JCB 16 digit
Sara Reid,3501777199912818,Apr-26,7937,VISA 13 digit
Jodi Parsons,4120151312913117469,Aug-30,173,JCB 16 digit
Richard Dean,503837631392,Feb-30,420,Maestro
Rodney Carr,6011162358670091,Jan-27,466,Discover
Connie Martinez,2233856820015436,Jul-32,833,JCB 16 digit
Blake Thomas,30266207240731,Sep-32,518,JCB 16 digit
Alexandra Jacobs,4566982611269280,Aug-32,674,VISA 19 digit
Karen Mitchell,4533187676284147,Oct-29,800,JCB 16 digit
Alyssa Davis,213164855417603,Dec-33,339,Diners Club / Carte Blanche
Michael Wood,4877686044573762,Dec-27,3528,JCB 16 digit
Marie Fisher,30282604868537,Feb-31,147,VISA 19 digit
John Thomas,5420393853852150,Sep-25,446,Diners Club / Carte Blanche
Robert Nelson,213127305557203,Mar-31,724,Mastercard
Sandra Mendoza,30177447008921,Mar-34,281,VISA 19 digit
Marcus Vance,2290583437606163,Dec-29,438,VISA 13 digit
William Fletcher,4081049431961979230,Sep-33,538,VISA 16 digit
Michelle Rios,6588430821051576,Jul-27,134,JCB 16 digit
Marie Butler,3588799427447306,Jun-33,013,VISA 13 digit
Adam Contreras,3599238822579956,Feb-34,040,JCB 15 digit
Anthony Smith,4807675374544,Aug-34,719,JCB 15 digit
Travis King,4571307647542432590,May-34,299,Diners Club / Carte Blanche
Gina Nash,6583334349541933,May-30,673,VISA 19 digit
Peter Smith,578566221631,May-32,529,VISA 16 digit
Angela Miranda,4085095685548,Nov-31,7959,Maestro
Ryan Young,3568666384096422,Jan-31,518,American Express
Wendy Myers,180051682297242,Dec-31,074,JCB 15 digit
Kristen Norman,180046923152693,Jan-28,063,VISA 16 digit
Samantha Martin,4868693120991737,Apr-28,101,JCB 15 digit
Shannon Hale,213116735050392,Mar-29,316,VISA 16 digit
Linda Henry,2258970036751039,Jan-25,570,Diners Club / Carte Blanche
Mark Huff,3582036413412077,Jan-30,023,VISA 16 digit
Gregory Carter,4964548906802,Sep-32,088,Mastercard
Amber Evans,3542480595982359,Oct-24,176,VISA 13 digit
Molly Mcdonald,346408375856166,Apr-31,226,Maestro
Mariah Smith,3589697300171317,Aug-26,772,Diners Club / Carte Blanche
Edward Williams,180032416444144,Jan-29,220,JCB 16 digit
Jennifer Dunlap,4690986791125302,Feb-31,541,Mastercard
Preston Stafford,4032913900559392,Dec-26,974,JCB 15 digit
Katelyn Peck,3531913118146790,Jul-34,734,VISA 19 digit
Daniel Wood,4349694199628,Oct-24,301,Maestro
Sherri Boyd,4644423581660,Nov-25,247,Maestro
Madeline Bradley,3542525744904066,Oct-31,218,American Express
Anna Hill,4963273178845319,Apr-34,355,VISA 16 digit
Stephanie Pena,370654536934272,Oct-27,285,JCB 15 digit
Kristen Pena,060459262667,Jan-30,748,JCB 16 digit
Susan Lynch,2257546522922796,Jun-33,9901,JCB 15 digit
Jeffrey Wright,3558718664046379,May-26,954,VISA 19 digit
Melissa Macdonald,4579067948314382,Oct-30,233,JCB 15 digit
Sharon Ortiz,38055334184595,Apr-29,335,VISA 16 digit
Brian Shannon,343205922502027,Oct-30,271,VISA 16 digit
Nicole Jackson,4875124045773639,Nov-24,368,Discover
Rachel Michael,5503122220807310,Apr-30,825,Maestro
Kenneth Obrien,6011943238158815,May-29,614,JCB 16 digit
Adam Gibson,213175806230937,Feb-34,147,American Express
Dana Spencer,4139881092404242,May-26,340,VISA 19 digit
Brittany Franco,4420038033100276,Aug-26,962,JCB 15 digit
Kimberly Charles,3576720807052171,Oct-33,057,JCB 16 digit
Candace Patterson,36259563697655,Aug-31,305,VISA 13 digit
Brian Vaughn,2225241628130218,Nov-32,489,VISA 13 digit
Marilyn Moore,584776718440,Jun-28,034,VISA 16 digit
Colleen James,348667693741651,May-25,535,Mastercard
Raymond Davis,3512451488881327,Oct-28,1509,VISA 16 digit
Richard Ramirez,213194066012653,Mar-26,762,JCB 16 digit
Brian Stephens,2260489118096763,May-28,824,VISA 13 digit
Eric May,30303751259229,Jun-32,717,VISA 19 digit
Dr. John Garcia,4588666626629166,Aug-30,334,Discover
Mrs. Brianna Weber,379776448956852,Nov-30,882,JCB 16 digit
Kristi Hunter,4626941992274705,Aug-30,242,JCB 15 digit
Kristi Hill,4457749808762597,Feb-26,053,VISA 16 digit
Amy Vasquez,6514692407280965,Jun-32,885,Maestro
Robert Johnston,345112833870220,Dec-27,311,JCB 16 digit
Jennifer Montgomery,4142285963276421,Mar-26,442,Discover
Elizabeth White,4054738686537,Sep-29,255,Discover
Sherry Castillo,4814508108378591984,Jun-33,4316,VISA 16 digit
Robert Eaton,213186346947633,Jun-29,064,VISA 16 digit
Angela Ortega,639025509543,Sep-31,094,JCB 16 digit
Gerald Ross,4568655561544153,Dec-24,652,VISA 16 digit
Aaron Serrano,3578449083374467,Jan-26,713,Maestro
Mrs. Cynthia Olson,3588975175338604,Apr-29,495,VISA 13 digit
James Morgan,345461033683259,Dec-24,056,American Express
Summer Cruz,4688898530942,Sep-25,275,Diners Club / Carte Blanche
